{"cameraMode":{"drawMode":0,"name":"Shaded","section":"Shading Mode"},"sceneLighting":true,"audioPlay":false,"sceneViewState":{"showFog":false,"showMaterialUpdate":false,"showSkybox":false,"showFlares":false,"showImageEffects":false,"showParticleSystems":false},"in2DMode":false,"pivot":{"x":-17.954601287841798,"y":-88.02764892578125,"z":86.98332977294922},"rotation":{"x":0.36562544107437136,"y":-0.02176699973642826,"z":0.0085555799305439,"w":0.9304742217063904},"size":304.4520568847656,"orthographic":false}