{"cameraMode":{"drawMode":0,"name":"Shaded","section":"Shading Mode"},"sceneLighting":true,"audioPlay":false,"sceneViewState":{"showFog":false,"showMaterialUpdate":false,"showSkybox":false,"showFlares":false,"showImageEffects":false,"showParticleSystems":false},"in2DMode":false,"pivot":{"x":0.48561525344848635,"y":-1076.502197265625,"z":350.0770568847656},"rotation":{"x":-0.5958369970321655,"y":-0.013745150528848172,"z":0.010202410630881787,"w":-0.8029336333274841},"size":1255.1173095703125,"orthographic":false}