{"cameraMode":{"drawMode":0,"name":"Shaded","section":"Shading Mode"},"sceneLighting":true,"audioPlay":false,"sceneViewState":{"showFog":false,"showMaterialUpdate":false,"showSkybox":false,"showFlares":false,"showImageEffects":false,"showParticleSystems":false},"in2DMode":false,"pivot":{"x":-69.30326843261719,"y":-152.2863006591797,"z":138.0204315185547},"rotation":{"x":-0.3545289635658264,"y":0.1929091513156891,"z":-0.07500351220369339,"w":-0.9118645191192627},"size":275.15716552734377,"orthographic":false}