{"cameraMode":{"drawMode":0,"name":"Shaded","section":"Shading Mode"},"sceneLighting":true,"audioPlay":false,"sceneViewState":{"showFog":false,"showMaterialUpdate":false,"showSkybox":false,"showFlares":false,"showImageEffects":false,"showParticleSystems":false},"in2DMode":false,"pivot":{"x":114.95384979248047,"y":-1009.8719482421875,"z":523.3515625},"rotation":{"x":-0.5239143371582031,"y":-0.0832870826125145,"z":0.05157347396016121,"w":-0.846130907535553},"size":1375.3917236328125,"orthographic":false}